insert into administrator
	values
		('admin@admin.com', '@Administrator'),
		('admin1@admin.com','@Administrator1');

insert into customer
values ('customer1@gmail.com', '@Customer1', true, 'john', '0031123456789', 'Venlo', '1950-01-20'),
       ('customer2@hotmail.com', '@Customer2', false, 'andrew', '0041123456789', 'Spencer street 11 ', '2000-12-12'),
       ('customer3@fontys.nl', '@Customer3', true, 'maria', '0049123456789', 'my house', '1994-04-27'),
       ('customer4@fontys.nl', '@Customer4', true, 'mathew', '0034987654321', 'AMSTERDAM', '2002-08-20'),
       ('customer5@fontys.nl', '@Customer5', true, 'john', '0049984635178', 'Barcelona', '2001-07-16'),
       ('customer6@gmail.com', '@Customer6', true, 'tom', '0049985744365', 'Miami', '2001-06-15'),
       ('customer7@web.de', '@Customer7', true, 'max', '0049094735292', 'New York', '1975-06-15'),
       ('customer8@gmx.de', '@Customer8', false, 'carl', '0049947362354', 'Yorkshire', '1999-11-19'),
       ('customer9@hotmail.com', '@Customer9', true, 'tim', '0049587858750', 'Cologne', '1997-12-12'),
       ('customer10@outlook.com', '@Customer10', false, 'Lucas', '0049968652365', 'Berlin', '1998-09-29'),
       ('customer11@pocketail.com', '@Customer11', true, 'Hans', '004954215478', 'Alicante', '1990-10-22'),
       ('customer12@yahoo.com', '@Customer12', false, 'Günther', '0049256369856', 'Guatemala', '1996-09-14'),
       ('customer13@yahoo.com', '@Customer13', true, 'Yannik', '004958748745', 'Nigeria', '1990-02-15'),
       ('customer14@fontys.nl', '@Customer14', true, 'Jens', '0049587458742', 'Dubai', '1991-06-15'),
       ('customer15@gmail.com', '@Customer15', true, 'Florian', '0049125412369', 'Japan', '1992-07-15');

insert into organizer
	values
		('rocknrollevents@gmail.com', 'mypassword', 'Rock and Roll Events', '00492399874', 'Amsterdam'),
		('samoni@events.com', 'samoni123', 'Samoni', '0033738109', 'Venlo'),
		('carlton@mail.com', 'creative_', 'Carlton', '003491885', 'Roermond'),
		('ticketing@outlook.com', 'Tick-/_.', 'Ticketing', '0048192801', 'Frankfurt'),
		('sport2@yahoo.com', 'sportingE', 'Sport 2', '007322910', 'Dresden'),
		('rain0@gmail.com', 'k9j6ac61', 'Rain Festival', '00871827', 'London'),
		('4hiphop@mail.com', '9simv1ma0', 'Four - HipHop Shows', '00658876', 'Utrecht'),
		('monstert@hotmail.com', 'ha6ym8._', 'Monster Truck Events', '009265102', 'Rotterdam'),
		('musi_call@yahoo.com', '12345pass', 'Musi-call', '0043105701', 'Cologne'),
		('gorg_c@yandex.ru', '1a2b3c4d-/', 'Gorg Concerts', '0031019842', 'Moscow');

insert into events
	values
		(1, 'The end of the world', 'CINEMA & THEATRE', 'New movie about the events leading to the end of the world', 'CineStar Metropolis', '2021-02-01 00:30:00', 'ticketing@outlook.com', '1.jpg'),
		(2, 'Halestorm again in Amsterdam!', 'CONCERTS & FESTIVALS', 'Halestorm is coming to the Netherlands! The American rock band will be on stage at Ziggo Dome in Amsterdam in the winter of 2021. When we saw them for last time it was at a performance in Poppodium 013 Tilburg. The heavy rock of the American group showed to be not heavy enough. Nevertheless - or perhaps precisely because of this - the band is playing in an even bigger hall almost two years later. With little frills, a solid rock show will be given away in Ziggo Dome in Amsterdam in January 2021.', 'Ziggo Dome, Amsterdam', '2021-01-31 20:45:00', 'samoni@events.com', '2.jpg'),
		(3, 'Arsenal FC vs Tottenham Hotspur FC', 'SPORTS', 'Do not miss out on the North London derby - Arsenal FC vs Tottenham Hotspur FC - get your tickets to this classic football match here. By the way, the next clash available on stadium for the supporters will happen during the next season. From your point of view, who is going to beat the other? Will the Gunners take the lead this time? Or will the Spurs follow the same path? At 1st sight, this new season will be very exciting! The North London Derby will be on fire! You must not miss these epic clashes if you are a real fan!' , 'Emirates Stadium, London', '2021-09-25 18:00:00', 'sport2@yahoo.com', '3.jpg'),
		(4, 'MONSTER TRUCKS in Rotterdam', 'FAMILY', 'Our MONSTER TRUCK events can give an adrenaline rush for the whole family. They are full of action and spectacular stunts that challenge gravity. World famous trucks participate in combination with our world-class drivers they push the insane Monster Trucks to the limit in freestyle and racing competitions. The whole family will be on the edge of their seats during this surprising, stunning and unforgettable event.', 'Stadion Feijenoord - De Kuip Rotterdam', '2021-04-10 13:00:00', 'monstert@hotmail.com', '4.png'),
		(5, 'Kwebbel & Sjnebbel', 'CINEMA & THEATRE', 'Berichtje van de dames: Leif luuj, veer misse uch!! Veer kenne alvas verklappe dat de krisshow geweldig fantastisch komisch is gewaore… geweun ff lekker lache! Online höbbe veer veur uch nog vanalles in petto veur en mit de feesdaag dus houd feesboek in de gate. Veur noe wunsje veer uch fein feesdaag en eine gooje roetsj. Blief gezondj en pes in 2021, dan zeen veer os! groetjes namens Kwebbel en Sjnebbel en Forum Sittard', 'Forum Theatre, Engelenkampstraat 3468, 6131ER Sittard', '2021-06-16 19:30:00', 'carlton@mail.com', '5.jpg');

insert into orders
	values
		(1, '2018-10-10 15:27:53', true , 'MAESTRO', 'customer1@gmail.com'),
		(2, '2018-11-20 21:46:05', false, 'BANK TRANSFER', 'customer12@yahoo.com'),
		(3, '2018-12-01 09:16:29', true, 'VISA', 'customer5@fontys.nl'),
		(4, '2018-12-01 09:17:01', true, 'PAYPAL', 'customer10@outlook.com'),
		(5, '2019-01-25 18:17:16', true, 'MASTERCARD', 'customer8@gmx.de'),
		(6, '2019-01-27 17:55:51', true, 'PAYPAL', 'customer15@gmail.com'),
		(7, '2019-03-01 03:19:27', false, 'BANK TRANSFER', 'customer10@outlook.com'),
		(8, '2019-03-14 13:13:13', true, 'AMERICAN EXPRESS', 'customer7@web.de'),
		(9, '2019-03-14 16:21:53', true, 'PAYPAL', 'customer8@gmx.de'),
		(10, '2019-09-18 12:00:12', true, 'PAYPAL', 'customer4@fontys.nl'),
		(11, '2019-09-19 20:37:42', false, 'BANK TRANSFER', 'customer2@hotmail.com'),
		(12, '2019-10-05 07:59:24', true, 'VISA', 'customer4@fontys.nl'),
		(13, '2019-10-21 11:11:44', true, 'MAESTRO', 'customer9@hotmail.com'),
		(14, '2020-01-05 23:59:59', true, 'BANK TRANSFER', 'customer13@yahoo.com'),
		(15, '2020-01-31 18:36:42', false, 'BANK TRANSFER', 'customer8@gmx.de');

INSERT INTO TICKET (ID, EventNumber, Price, TicketCategory, Order_Number) Values
	( 1, 1, 7.50, 'General admission', 10 ),
	( 2, 1, 7.50, 'General admission', 10 ),
	( 3, 1, 7.50, 'General admission', 10 ),
	( 4, 1, 7.50, 'General admission', 10 ),
	( 5, 1, 7.50, 'General admission', 10 ),
	( 6, 1, 7.50, 'General admission', 10 ),
	( 7, 1, 7.50, 'General admission', 10 ),
	( 8, 1, 7.50, 'General admission', 3 ),
	( 9, 1, 7.50, 'General admission', 3 ),
	( 10, 1, 7.50, 'General admission', 3 ),
	( 11, 1, 7.50, 'General admission', 3 ),
	( 12, 1, 7.50, 'General admission', 3 ),
	( 13, 1, 7.50, 'General admission', 3 ),
	( 14, 1, 7.50, 'General admission', null ),
	( 15, 1, 7.50, 'General admission', null ),
	( 16, 1, 7.50, 'General admission', null ),
	( 17, 1, 7.50, 'General admission', null ),
	( 18, 1, 7.50, 'General admission', null ),
	( 19, 1, 7.50, 'General admission', null ),
	( 20, 1, 7.50, 'General admission', null ),
	( 21, 1, 7.50, 'General admission', null ),
	( 22, 1, 7.50, 'General admission', null ),
	( 23, 1, 7.50, 'General admission', null ),
	( 24, 1, 7.50, 'General admission', null ),
	( 25, 1, 7.50, 'General admission', null ),
	( 26, 1, 14.00, 'Entrance + Popcorn + drink', 1 ),
	( 27, 1, 14.00, 'Entrance + Popcorn + drink', 1 ),
	( 28, 1, 14.00, 'Entrance + Popcorn + drink', 1 ),
	( 29, 1, 14.00, 'Entrance + Popcorn + drink', 1 ),
	( 30, 1, 14.00, 'Entrance + Popcorn + drink', 2 ),
	( 31, 1, 14.00, 'Entrance + Popcorn + drink', 2 ),
	( 32, 1, 14.00, 'Entrance + Popcorn + drink', 2 ),
	( 33, 1, 14.00, 'Entrance + Popcorn + drink', 2 ),
	( 34, 1, 14.00, 'Entrance + Popcorn + drink', 2 ),
	( 35, 1, 14.00, 'Entrance + Popcorn + drink', 2 ),
	( 36, 1, 14.00, 'Entrance + Popcorn + drink', 2 ),
	( 37, 1, 14.00, 'Entrance + Popcorn + drink', 2 ),
	( 38, 1, 14.00, 'Entrance + Popcorn + drink', 2 ),
	( 39, 1, 14.00, 'Entrance + Popcorn + drink', null ),
	( 40, 1, 14.00, 'Entrance + Popcorn + drink', null ),
	( 41, 2, 36.00, 'General admission', 9 ),
	( 42, 2, 36.00, 'General admission', 9 ),
	( 43, 2, 36.00, 'General admission', 9 ),
	( 44, 2, 36.00, 'General admission', 9 ),
	( 45, 2, 36.00, 'General admission', 9 ),
	( 46, 2, 36.00, 'General admission', 9 ),
	( 47, 2, 36.00, 'General admission', 11 ),
	( 48, 2, 36.00, 'General admission', 11 ),
	( 49, 2, 36.00, 'General admission', 11 ),
	( 50, 2, 36.00, 'General admission', 11 ),
	( 51, 2, 36.00, 'General admission', 11 ),
	( 52, 2, 36.00, 'General admission', 11 ),
	( 53, 2, 36.00, 'General admission', 11 ),
	( 54, 2, 36.00, 'General admission', 11 ),
	( 55, 2, 36.00, 'General admission', 11 ),
	( 56, 2, 89.00, 'VIP', 15 ),
	( 57, 2, 89.00, 'VIP', 15 ),
	( 58, 2, 89.00, 'VIP', 15 ),
	( 59, 2, 89.00, 'VIP', 15 ),
	( 60, 2, 89.00, 'VIP', null ),
	( 61, 2, 89.00, 'VIP', null ),
	( 62, 2, 89.00, 'VIP', null ),
	( 63, 2, 89.00, 'VIP', null ),
	( 64, 2, 89.00, 'VIP', null ),
	( 65, 2, 89.00, 'VIP', null ),
	( 66, 2, 89.00, 'VIP', null ),
	( 67, 2, 89.00, 'VIP', null ),
	( 68, 2, 89.00, 'VIP', null ),
	( 69, 2, 89.00, 'VIP', null ),
	( 70, 2, 89.00, 'VIP', null ),
	( 71, 2, 89.00, 'VIP', null ),
	( 72, 2, 89.00, 'VIP', null ),
	( 73, 2, 89.00, 'VIP', null ),
	( 74, 2, 89.00, 'VIP', null ),
	( 75, 2, 89.00, 'VIP', null ),
	( 76, 2, 89.00, 'VIP', null ),
	( 77, 2, 89.00, 'VIP', null ),
	( 78, 2, 89.00, 'VIP', null ),
	( 79, 2, 89.00, 'VIP', null ),
	( 80, 2, 89.00, 'VIP', null ),
	( 81, 2, 89.00, 'VIP', null ),
	( 82, 2, 89.00, 'VIP', null ),
	( 83, 2, 89.00, 'VIP', null ),
	( 84, 2, 89.00, 'VIP', null ),
	( 85, 2, 89.00, 'VIP', null ),
	( 86, 3, 130.00, 'East Stand', 4 ),
	( 87, 3, 130.00, 'East Stand', 4 ),
	( 88, 3, 130.00, 'East Stand', 4 ),
	( 89, 3, 130.00, 'East Stand', 4 ),
	( 90, 3, 130.00, 'East Stand', 4 ),
	( 91, 3, 130.00, 'East Stand', 4 ),
	( 92, 3, 130.00, 'East Stand', 4 ),
	( 93, 3, 130.00, 'East Stand', null ),
	( 94, 3, 130.00, 'East Stand', null ),
	( 95, 3, 130.00, 'East Stand', null ),
	( 96, 3, 130.00, 'East Stand', null ),
	( 97, 3, 130.00, 'East Stand', null ),
	( 98, 3, 130.00, 'East Stand', null ),
	( 99, 3, 130.00, 'East Stand', null ),
	( 100, 3, 130.00, 'East Stand', null ),
	( 101, 3, 130.00, 'East Stand', null ),
	( 102, 3, 130.00, 'East Stand', null ),
	( 103, 3, 130.00, 'East Stand', null ),
	( 104, 3, 130.00, 'East Stand', null ),
	( 105, 3, 130.00, 'East Stand', null ),
	( 106, 3, 149.00, 'West Stand', null ),
	( 107, 3, 149.00, 'West Stand', null ),
	( 108, 3, 149.00, 'West Stand', null ),
	( 109, 3, 149.00, 'West Stand', null ),
	( 110, 3, 149.00, 'West Stand', null ),
	( 111, 3, 149.00, 'West Stand', null ),
	( 112, 3, 149.00, 'West Stand', null ),
	( 113, 3, 149.00, 'West Stand', null ),
	( 114, 3, 149.00, 'West Stand', null ),
	( 115, 3, 149.00, 'West Stand', null ),
	( 116, 3, 149.00, 'West Stand', null ),
	( 117, 3, 149.00, 'West Stand', null ),
	( 118, 3, 149.00, 'West Stand', null ),
	( 119, 3, 149.00, 'West Stand', null ),
	( 120, 3, 149.00, 'West Stand', null ),
	( 121, 3, 149.00, 'West Stand', null ),
	( 122, 3, 149.00, 'West Stand', null ),
	( 123, 3, 149.00, 'West Stand', null ),
	( 124, 3, 149.00, 'West Stand', null ),
	( 125, 3, 149.00, 'West Stand', null ),
	( 126, 3, 149.00, 'West Stand', null ),
	( 127, 3, 149.00, 'West Stand', null ),
	( 128, 3, 149.00, 'West Stand', null ),
	( 129, 3, 149.00, 'West Stand', null ),
	( 130, 3, 149.00, 'West Stand', null ),
	( 131, 3, 89.00, 'North Bank', 5 ),
	( 132, 3, 89.00, 'North Bank', 5 ),
	( 133, 3, 89.00, 'North Bank', 6 ),
	( 134, 3, 89.00, 'North Bank', 6 ),
	( 135, 3, 89.00, 'North Bank', 6 ),
	( 136, 3, 89.00, 'North Bank', 6 ),
	( 137, 3, 89.00, 'North Bank', 6 ),
	( 138, 3, 89.00, 'North Bank', 6 ),
	( 139, 3, 89.00, 'North Bank', null ),
	( 140, 3, 89.00, 'North Bank', null ),
	( 141, 3, 89.00, 'North Bank', null ),
	( 142, 3, 89.00, 'North Bank', null ),
	( 143, 3, 89.00, 'North Bank', null ),
	( 144, 3, 89.00, 'North Bank', null ),
	( 145, 3, 89.00, 'North Bank', null ),
	( 146, 3, 89.00, 'North Bank', null ),
	( 147, 3, 89.00, 'North Bank', null ),
	( 148, 3, 89.00, 'North Bank', null ),
	( 149, 3, 89.00, 'North Bank', null ),
	( 150, 3, 89.00, 'North Bank', null ),
	( 151, 3, 89.00, 'North Bank', null ),
	( 152, 3, 89.00, 'North Bank', null ),
	( 153, 3, 89.00, 'North Bank', null ),
	( 154, 3, 89.00, 'North Bank', null ),
	( 155, 3, 89.00, 'North Bank', null ),
	( 156, 3, 55.00, 'Clock End', 8 ),
	( 157, 3, 55.00, 'Clock End', 8 ),
	( 158, 3, 55.00, 'Clock End', 8 ),
	( 159, 3, 55.00, 'Clock End', 8 ),
	( 160, 3, 55.00, 'Clock End', 8 ),
	( 161, 3, 55.00, 'Clock End', 8 ),
	( 162, 3, 55.00, 'Clock End', 8 ),
	( 163, 3, 55.00, 'Clock End', 8 ),
	( 164, 3, 55.00, 'Clock End', 8 ),
	( 165, 3, 55.00, 'Clock End', 8 ),
	( 166, 3, 55.00, 'Clock End', 8 ),
	( 167, 3, 55.00, 'Clock End', 8 ),
	( 168, 3, 55.00, 'Clock End', 8 ),
	( 169, 3, 55.00, 'Clock End', 8 ),
	( 170, 3, 55.00, 'Clock End', 8 ),
	( 171, 3, 55.00, 'Clock End', 8 ),
	( 172, 3, 55.00, 'Clock End', 8 ),
	( 173, 3, 55.00, 'Clock End', 8 ),
	( 174, 3, 55.00, 'Clock End', 8 ),
	( 175, 3, 55.00, 'Clock End', 8 ),
	( 176, 3, 55.00, 'Clock End', 8 ),
	( 177, 3, 55.00, 'Clock End', 8 ),
	( 178, 3, 55.00, 'Clock End', 8 ),
	( 179, 3, 55.00, 'Clock End', 8 ),
	( 180, 3, 55.00, 'Clock End', 8 ),
	( 181, 3, 55.00, 'Clock End', null ),
	( 182, 3, 55.00, 'Clock End', null ),
	( 183, 3, 55.00, 'Clock End', null ),
	( 184, 3, 55.00, 'Clock End', null ),
	( 185, 3, 55.00, 'Clock End', null ),
	( 186, 3, 55.00, 'Clock End', null ),
	( 187, 3, 55.00, 'Clock End', null ),
	( 188, 3, 55.00, 'Clock End', null ),
	( 189, 3, 55.00, 'Clock End', null ),
	( 190, 3, 55.00, 'Clock End', null ),
	( 191, 3, 55.00, 'Clock End', null ),
	( 192, 3, 55.00, 'Clock End', null ),
	( 193, 3, 55.00, 'Clock End', null ),
	( 194, 3, 55.00, 'Clock End', null ),
	( 195, 3, 55.00, 'Clock End', null ),
	( 196, 3, 55.00, 'Clock End', null ),
	( 197, 3, 55.00, 'Clock End', null ),
	( 198, 3, 55.00, 'Clock End', null ),
	( 199, 3, 55.00, 'Clock End', null ),
	( 200, 3, 55.00, 'Clock End', null ),
	( 201, 4, 75.00, 'Ground seat', null ),
	( 202, 4, 75.00, 'Ground seat', null ),
	( 203, 4, 75.00, 'Ground seat', null ),
	( 204, 4, 75.00, 'Ground seat', null ),
	( 205, 4, 75.00, 'Ground seat', null ),
	( 206, 4, 75.00, 'Ground seat', null ),
	( 207, 4, 75.00, 'Ground seat', null ),
	( 208, 4, 75.00, 'Ground seat', null ),
	( 209, 4, 75.00, 'Ground seat', null ),
	( 210, 4, 75.00, 'Ground seat', null ),
	( 211, 4, 75.00, 'Ground seat', null ),
	( 212, 4, 75.00, 'Ground seat', null ),
	( 213, 4, 75.00, 'Ground seat', null ),
	( 214, 4, 75.00, 'Ground seat', null ),
	( 215, 4, 75.00, 'Ground seat', null ),
	( 216, 4, 75.00, 'Ground seat', null ),
	( 217, 4, 75.00, 'Ground seat', null ),
	( 218, 4, 75.00, 'Ground seat', null ),
	( 219, 4, 75.00, 'Ground seat', null ),
	( 220, 4, 75.00, 'Ground seat', null ),
	( 221, 4, 63.00, '1st Floor seat', null ),
	( 222, 4, 63.00, '1st Floor seat', null ),
	( 223, 4, 63.00, '1st Floor seat', null ),
	( 224, 4, 63.00, '1st Floor seat', null ),
	( 225, 4, 63.00, '1st Floor seat', null ),
	( 226, 4, 63.00, '1st Floor seat', null ),
	( 227, 4, 63.00, '1st Floor seat', null ),
	( 228, 4, 63.00, '1st Floor seat', null ),
	( 229, 4, 63.00, '1st Floor seat', null ),
	( 230, 4, 63.00, '1st Floor seat', null ),
	( 231, 4, 63.00, '1st Floor seat', null ),
	( 232, 4, 63.00, '1st Floor seat', null ),
	( 233, 4, 63.00, '1st Floor seat', null ),
	( 234, 4, 63.00, '1st Floor seat', null ),
	( 235, 4, 63.00, '1st Floor seat', null ),
	( 236, 4, 63.00, '1st Floor seat', null ),
	( 237, 4, 63.00, '1st Floor seat', null ),
	( 238, 4, 63.00, '1st Floor seat', null ),
	( 239, 4, 63.00, '1st Floor seat', null ),
	( 240, 4, 63.00, '1st Floor seat', null ),
	( 241, 4, 39.99, '2nd Floor seat', null ),
	( 242, 4, 39.99, '2nd Floor seat', null ),
	( 243, 4, 39.99, '2nd Floor seat', null ),
	( 244, 4, 39.99, '2nd Floor seat', null ),
	( 245, 4, 39.99, '2nd Floor seat', null ),
	( 246, 4, 39.99, '2nd Floor seat', null ),
	( 247, 4, 39.99, '2nd Floor seat', null ),
	( 248, 4, 39.99, '2nd Floor seat', null ),
	( 249, 4, 39.99, '2nd Floor seat', null ),
	( 250, 4, 39.99, '2nd Floor seat', null ),
	( 251, 5, 15.00, 'Stalls', 7 ),
	( 252, 5, 15.00, 'Stalls', 7 ),
	( 253, 5, 15.00, 'Stalls', null ),
	( 254, 5, 15.00, 'Stalls', null ),
	( 255, 5, 15.00, 'Stalls', null ),
	( 256, 5, 15.00, 'Stalls', null ),
	( 257, 5, 15.00, 'Stalls', null ),
	( 258, 5, 15.00, 'Stalls', null ),
	( 259, 5, 15.00, 'Stalls', null ),
	( 260, 5, 15.00, 'Stalls', null ),
	( 261, 5, 15.00, 'Stalls', null ),
	( 262, 5, 15.00, 'Stalls', null ),
	( 263, 5, 15.00, 'Stalls', null ),
	( 264, 5, 15.00, 'Stalls', null ),
	( 265, 5, 15.00, 'Stalls', null ),
	( 266, 5, 15.00, 'Stalls', null ),
	( 267, 5, 15.00, 'Stalls', null ),
	( 268, 5, 15.00, 'Stalls', null ),
	( 269, 5, 15.00, 'Stalls', null ),
	( 270, 5, 15.00, 'Stalls', null ),
	( 271, 5, 18.50, 'Circle', 13 ),
	( 272, 5, 18.50, 'Circle', 13 ),
	( 273, 5, 18.50, 'Circle', 13 ),
	( 274, 5, 18.50, 'Circle', 13 ),
	( 275, 5, 18.50, 'Circle', 14 ),
	( 276, 5, 18.50, 'Circle', 14 ),
	( 277, 5, 18.50, 'Circle', 14 ),
	( 278, 5, 18.50, 'Circle', 14 ),
	( 279, 5, 18.50, 'Circle', 14 ),
	( 280, 5, 18.50, 'Circle', 14 ),
	( 281, 5, 18.50, 'Circle', 14 ),
	( 282, 5, 18.50, 'Circle', 14 ),
	( 283, 5, 18.50, 'Circle', 14 ),
	( 284, 5, 18.50, 'Circle', 14 ),
	( 285, 5, 18.50, 'Circle', null ),
	( 286, 5, 18.50, 'Circle', null ),
	( 287, 5, 18.50, 'Circle', null ),
	( 288, 5, 18.50, 'Circle', null ),
	( 289, 5, 18.50, 'Circle', null ),
	( 290, 5, 18.50, 'Circle', null ),
	( 291, 5, 9.75, 'Balcony', 12 ),
	( 292, 5, 9.75, 'Balcony', 12 ),
	( 293, 5, 9.75, 'Balcony', 12 ),
	( 294, 5, 9.75, 'Balcony', null ),
	( 295, 5, 9.75, 'Balcony', null ),
	( 296, 5, 9.75, 'Balcony', null ),
	( 297, 5, 9.75, 'Balcony', null ),
	( 298, 5, 9.75, 'Balcony', null ),
	( 299, 5, 9.75, 'Balcony', null ),
	( 300, 5, 9.75, 'Balcony', null );